{
    "sounds":{
        "trees wind":{
            "files": [
                {
                    "file": "sounds/trees1.mp3",
                    "start": 0.0,
                    "end": 1.0,
                    "real start": 0.0,
                    "real end": 1.0,
                    "volume profile": [
                        0.005413, 0.015719, 0.028214, 0.034591, 0.047638, 0.054142, 0.062159, 0.072841, 0.082032, 0.093126,
                        0.102394, 0.112682, 0.119985, 0.126817, 0.131734, 0.138926, 0.146391, 0.150872, 0.159778, 0.165111,
                        0.173396, 0.181539, 0.188371, 0.195672, 0.202758, 0.209003, 0.215829, 0.223170, 0.231011, 0.237650,
                        0.246210, 0.253978, 0.261317, 0.268461, 0.275512, 0.283805, 0.292137, 0.299924, 0.307669, 0.315764,
                        0.324160, 0.332722, 0.341471, 0.348799, 0.356112, 0.363976, 0.372519, 0.379758, 0.386528, 0.392341,
                        0.398903, 0.406228, 0.412972, 0.420169, 0.427316, 0.434173, 0.442070, 0.448420, 0.456568, 0.464632,
                        0.471854, 0.478209, 0.485680, 0.492947, 0.500059, 0.508131, 0.514844, 0.521748, 0.528253, 0.536246,
                        0.543032, 0.550699, 0.558086, 0.565689, 0.573418, 0.580262, 0.586789, 0.594739, 0.603004, 0.609978,
                        0.616652, 0.623972, 0.631139, 0.638583, 0.645629, 0.653421, 0.660408, 0.667775, 0.675445, 0.683102,
                        0.690616, 0.698295, 0.705867, 0.713468, 0.720973, 0.729166, 0.737335, 0.744898, 0.752948, 0.760171
                    ]
                },
                {
                    "file": "sounds/trees2.mp3",
                    "start": 0.0,
                    "end": 1.0,
                    "real start": 0.0,
                    "real end": 1.0
                }
            ],
            "quicksound category": "long"
        },
        "birds":{
            "files": [
                {
                    "file": "sounds/birds.wav",
                    "start": 0.0,
                    "end": 1.0,
                    "real start": 0.0,
                    "real end": 1.0
                }
            ],
            "quicksound category": "long"
        },
        "door":{
            "files": [
                {
                    "file": "sounds/door.mp3",
                    "start": 0.0,
                    "end": 1.0,
                    "real start": 0.0,
                    "real end": 1.0
                }
            ],
            "quicksound category": "indoors"
        },
        "fireplace":{
            "files": [
                {
                    "file": "sounds/fireplace.mp3",
                    "start": 0.0,
                    "end": 1.0
                }
            ],
            "quicksound category": "fire"
        },
        "shop bell":{
            "files": [
                {
                    "file": "sounds/shop_bell.mp3",
                    "start": 0.0,
                    "end": 1.0,
                    "real start": 0.0,
                    "real end": 1.0
                }
            ],
            "quicksound category": "indoors"
        },
        "writing":{
            "files": [
                {
                    "file": "sounds/writing.mp3",
                    "start": 0.0,
                    "end": 1.0,
                    "real start": 0.0,
                    "real end": 1.0
                }
            ],
            "quicksound category": "indoors"
        },
        "pages turned":{
            "files": [
                {
                    "file": "sounds/pages_turned.mp3",
                    "start": 0.0,
                    "end": 1.0,
                    "real start": 0.0,
                    "real end": 1.0
                }
            ],
            "quicksound category": "indoors"
        },
        "wood squeeking":{
            "files": [
                {
                    "file": "sounds/wood_squeeking.mp3",
                    "start": 0.0,
                    "end": 1.0,
                    "real start": 0.0,
                    "real end": 1.0
                }
            ],
            "quicksound category": "indoors"
        },
        "steps on wood":{
            "files": [
                {
                    "file": "sounds/steps_on_wood.mp3",
                    "start": 0.0,
                    "end": 1.0,
                    "real start": 0.0,
                    "real end": 1.0
                }
            ],
            "quicksound category": "indoors"
        }
    },
    "themes":{
        "main adventure":[
            {
                "file": "/musics/medieval_adventure.mp3",
                "volume": 0.5
            },
            {
                "file": "/musics/quiet_zelda_adventure.mp3",
                "volume": 0.5
            }
        ],
        "no theme":[
            {
                "file": "",
                "volume": 0
            }
        ],
        "naruto epic fight":[
            {
                "file": "/musics/naruto_fight.mp3",
                "volume": 0.5
            }
        ],
        "irish pub":[
            {
                "file": "/musics/irish_pub.mp3",
                "volume": 0.5
            }
        ],
        "shop":[
            {
                "file": "/musics/hearthstone.mp3",
                "volume": 0.5
            }
        ],
        "calm night":[
            {
                "file": "/musics/calm_night.mp3",
                "volume": 0.5
            }
        ]
    },
    "music contexts":{
        "main":{
            "theme":{
                "name": "main adventure",
                "volume mul": 1,
                "from start": false
            },
            "theme modifiers":{
                "night":{
                    "theme":{
                        "name": "calm night",
                        "volume mul": 1,
                        "from start": false
                    }
                }
            }
        },
        "no music":{
            "theme":{
                "name": "no theme",
                "volume mul": 0,
                "from start": false
            },
            "theme modifiers":{}
        }
    },
    "transitions":{
        "default":{
            "time": 10000,
            "play":{}
        },
        "instant":{
            "time": 0,
            "play": {}
        },
        "door":{
            "time": 1000,
            "play":{
                "door": 0
            }
        },
        "shop":{
            "time": 1000,
            "play":{
                "door":0,
                "shop bell":0
            }
        }
    },
    "places":{
        "default":{
            "ambiance":{},
            "ambiance modifiers":{},
            "music contexts":{}
        },
        "shop":{
            "ambiance":{
                "writing":{
                    "volume": 0.5,
                    "interval": [15000, 30000]
                },
                "wood squeeking":{
                    "volume": 0.3,
                    "interval": [15000, 30000]
                },
                "steps on wood":{
                    "volume": 0.3,
                    "interval": [15000, 30000]
                },
                "pages turned":{
                    "volume": 0.5,
                    "interval": [15000, 30000]
                }
            },
            "ambiance modifiers":{
                "winter": {
                    "fireplace":{
                        "volume": 0.4,
                        "interval": [0,0]
                    }
                }
            },
            "music contexts":{
                "main":{
                    "theme":{
                        "name": "shop",
                        "volume mul": 1,
                        "from start": true
                    },
                    "theme modifiers":{}
                }
            }
        }
    },